Dung,Dung body (plast)
Abyss,11
Ankh 1,
Ankh 2,
Ankh 3,7
Blood,5
Cave of Madness - Demon,
Cave of Madness - Pavouk,1
Cave of Madness - Dung,
Citadela,12
Covetous,
Cyclop Dungeon,
Cyclops Valley,
Doom,
Deceit,1
Despise 1,
Despise 2,
Despise 3,
Despise 4,
Destard 1+2,4
Destard 2+3,
Dragon City,
Drow City,4
Elemental Planes 1 (water),
Elemental Planes 2 (earth),
Fire,
Fan Dancer Dojo,4
Fanatic Caves,
Fortress of Despair,
Heroic Temple,
Hythloth,3
Ice Dungeon 1,1
Ice Dungeon 2,
Ophodian lair,
Poisoned River 1,
Poisoned River 2,4
Poisoned River 3,
Pride Rise,13
Pride Peklo,25
Pride Ocistec,9
Ratman Mines,10
Shame,
Sopka,
Sorcerer's Dungeon,
Soulshard Dung,1
Tajuplna Jeskyne,
Terathran Keep,2
Terra Sanctum,
Tripartita,10
Timed dungeon,
Underground Quagmire 1,
Underground Quagmire 2,
Underground Quagmire 3,3
Vestirna Osath,
Water,
Wisp 1,
Wisp 2,
Wrong,
Yomotsu Mines 1,
Yomotsu Mines 2,9
